experience,test_score,interview_score,salary
2,8,7,53565.50218340611
3,8,8,58583.69723435226
7,9,8,71681.22270742359
5,7,9,64569.141193595344
1,9,9,57008.733624454144
0,6,7,44248.180494905384
